name,category
FEIJÃO BRANCO LATA 420g,MERCEARIA/ENLATADO
FEIJÃO BRANCO COZIDO FRASCO 540g,MERCEARIA/ENLATADO
FEIJÃO ENCARNADO FRASCO 540g,MERCEARIA/ENLATADO
FEIJÃO ENCARNADO LATA 420g,MERCEARIA/ENLATADO
FEIJÃO FRADE FRASCO 540g,MERCEARIA/ENLATADO
FEIJÃO FRADE LATA 420g,MERCEARIA/ENLATADO
FEIJÃO MANTEIGA FRASCO 540g,MERCEARIA/ENLATADO
FEIJÃO MANTEIGA LATA 420g,MERCEARIA/ENLATADO,
FEIJÃO BRANCO LATA 820g,MERCEARIA/ENLATADO
FEIJÃO ENCARNADO LATA 820g,MERCEARIA/ENLATADO
FEIJÃO FRADE LATA 820g,MERCEARIA/ENLATADO
FEIJÃO MANTEIGA LATA 820g,MERCEARIA/ENLATADO
FEIJÃO PRETO LATA 820g,MERCEARIA/ENLATADO
FEIJÃO PRETO LATA 420g,MERCEARIA/ENLATADO
ERVILHAS LATA 420g,MERCEARIA/ENLATADO
ERVILHAS LATA 850g,MERCEARIA/ENLATADO
GRÃO BICO COZIDO FRASCO 540g,MERCEARIA/ENLATADO
GRÃO BICO LATA 420g,MERCEARIA/ENLATADO
GRÃO BICO LATA 820g,MERCEARIA/ENLATADO
LENTILHAS COZIDAS 540g,MERCEARIA/ENLATADO
ESPARGOS BRANCOS 345g,MERCEARIA/ENLATADO
PICKLES EM FRASCO 210g,MERCEARIA/ENLATADO
BETERRABA RALADA 370g,MERCEARIA/ENLATADO
AZEITONA MISTA RETALHADA COM AZEITE ALHO E ORÉGÃOS 155g,MERCEARIA/ENLATADO
AZEITONAS VERDES RECHEADAS 200g,MERCEARIA/ENLATADO
AZEITONA GORDAL 560g,MERCEARIA/ENLATADO
AZEITONAS PRETAS EM RODELAS 165g,MERCEARIA/ENLATADO
AZEITONA PRETA DESCAROCADA 165g,MERCEARIA/ENLATADO
AZEITONAS VERDES 560g,MERCEARIA/ENLATADO
AZEITONA VERDE DESCAROÇADA 165g,MERCEARIA/ENLATADO
AZEITONA PRETAS 210g,MERCEARIA/ENLATADO
FILETES DE ATUM EM AZEITE 120g,MERCEARIA/ENLATADO
ATUM POSTA AZEITE 120g,MERCEARIA/ENLATADO
FFILETES DE ATUM NATURAL 120g,MERCEARIA/ENLATADO
ATUM POSTA EM ÓLEO 120g,MERCEARIA/ENLATADO
ATUM POSTA NATURAL 120g,MERCEARIA/ENLATADO
ATUM POSTA ÓLEO 385g,MERCEARIA/ENLATADO
ATUM POSTA NATURAL 385g,MERCEARIA/ENLATADO
SARDINHA SEM PELE E SEM ESPINHA EM TOMATE 120g,MERCEARIA/ENLATADO
SARDINHA EM TOMATE 120g,MERCEARIA/ENLATADO
SARDINHA EM AZEITE 120g,MERCEARIA/ENLATADO
SARDINHAS EM ÓLEO 120g,MERCEARIA/ENLATADO
SARDINHA SEM PELE E SEM ESPINHA EM AZEITE 120g,MERCEARIA/ENLATADO
PATÉ DE ATUM 65g,MERCEARIA/ENLATADO
PATÉ DE SARDINHA 65g,MERCEARIA/ENLATADO
PATÉ DE ATUM 4x22g,MERCEARIA/ENLATADO
PATÉ DE SARDINHA 4x22g,MERCEARIA/ENLATADO
PATÉ ATUM 125g,MERCEARIA/ENLATADO
PATÉ DE SALMÃO 125g,MERCEARIA/ENLATADO
PATÉ ERVAS FINAS 125g,MERCEARIA/ENLATADO
PATÉ FRANGO 125g,MERCEARIA/ENLATADO
PATÉ IBÉRICO 125g,MERCEARIA/ENLATADO
SALSICHA ALEMÃ EM FRASCO 720g,MERCEARIA/ENLATADO
SALSICHAS ALEMÃS 250g,MERCEARIA/ENLATADO
SALSICHAS FRANKFURT 8 Unid.,MERCEARIA/ENLATADO
SALSICHAS AVES FRASCO 5 Unid.,MERCEARIA/ENLATADO
SALSICHAS HOT-DOG EM FRASCO 250g,MERCEARIA/ENLATADO
ANANÁS EM CALDA 825g 125g,MERCEARIA/ENLATADO
PIPOCAS CARAMELO SALGADO 100g,MERCEARIA/SNACKS
PIPOCAS DOCES PARA MICRO-ONDAS 90g,MERCEARIA/SNACKS
PIPOCAS SALGADAS MICRO-ONDAS 90g,MERCEARIA/SNACKS
BATATA FRITA RECEITA CASEIRA 200g,MERCEARIA/SNACKS
BATATA FRITA GOURMET 170g,MERCEARIA/SNACKS
BATATAS FRITAS 100% PORTUGUESAS 150g,MERCEARIA/SNACKS
BARRA DE FRUTOS SECOS PISTACHIO E CHOCOLATE 3x35g,MERCEARIA/SNACKS
BARRA DE FRUTOS SECOS AMÊNDOAS E AVELÃ 3x35g,MERCEARIA/SNACKS
BARRA DE FRUTOS SECOS AMENDOINS CAJU E ARANDUS 3x35g,MERCEARIA/SNACKS
BARRAS DE FRUTOS SECOS SÉSAMO E MEL 150g,MERCEARIA/SNACKS
BARRAS DE FRUTOS SECOS SÉSAMO E ABÓBORA 150g,MERCEARIA/SNACKS
SNACK CROCANTE AMENDOINS AMÊNDOAS E CAJÚS 90g,MERCEARIA/SNACKS
SNACK CROCANTE AMENDOINS E PISTÁCHIOS 90g,MERCEARIA/SNACKS
DOCE ABÓBORA 355g,MERCEARIA/PARA BARRAR
DOCE AMORA 355g,MERCEARIA/PARA BARRAR
DOCE CEREJA 355g,MERCEARIA/PARA BARRAR
DOCE FRAMBOESA 355g,MERCEARIA/PARA BARRAR
DOCE FRUTOS SILVESTRES 355g,MERCEARIA/PARA BARRAR
DOCE LARANJA 355g,MERCEARIA/PARA BARRAR
DOCE MORANGO 355g,MERCEARIA/PARA BARRAR
DOCE PÊSSEGO 355g,MERCEARIA/PARA BARRAR
DOCE TOMATE 355g,MERCEARIA/PARA BARRAR
MARMELADA SEM CORANTES NEM CONSERVANTES 500g,MERCEARIA/PARA BARRAR
MARMELADA EXTRA 450g,MERCEARIA/PARA BARRAR
CREME PARA BARRAR CACAU E AVELÃS 400g,MERCEARIA/PARA BARRAR
MANTEIGA DE AMENDOIM 340g,MERCEARIA/PARA BARRAR
MANTEIGA DE AMENDOIM CREMOSA 340g,MERCEARIA/PARA BARRAR
DOCE DE MORANGO SEM ADIÇÃO AÇÚCAR 230g,MERCEARIA/PARA BARRAR
DOCE DE PÊSSEGO SEM ADIÇÃO AÇÚCAR 230g,MERCEARIA/PARA BARRAR
DOCE DE FRUTOS VERMELHOS SEM ADIÇÃO AÇÚCAR 230g,MERCEARIA/PARA BARRAR
DOCE DE PAPAIA MARACUJÁ E MANGA 230g,MERCEARIA/PARA BARRAR
GELATINA MORANGO 170g,MERCEARIA/SOBREMESA INSTANTÂNEA
GELATINA PÊSSEGO 170g,MERCEARIA/SOBREMESA INSTANTÂNEA
GELATINA TUTTI-FRUTTI 170g,MERCEARIA/SOBREMESA INSTANTÂNEA
GELATINA MELANCIA 170g,MERCEARIA/SOBREMESA INSTANTÂNEA
GELATINA ANANÁS 170g,MERCEARIA/SOBREMESA INSTANTÂNEA
GELATINA ANANÁS LIGHT 31g,MERCEARIA/SOBREMESA INSTANTÂNEA
GELATINA FRUTOS VERMELHOS LIGHT 31g,MERCEARIA/SOBREMESA INSTANTÂNEA
GELATINA MIRTILO LIGHT 31g,MERCEARIA/SOBREMESA INSTANTÂNEA
GELATINA MORANGO LIGHT 31g,MERCEARIA/SOBREMESA INSTANTÂNEA
GELATINA MELANCIA LIGHT 31g,MERCEARIA/SOBREMESA INSTANTÂNEA
LEITE CREME 4x23g,MERCEARIA/SOBREMESA INSTANTÂNEA
MOUSSE DE CHOCOLATE 150g,MERCEARIA/SOBREMESA INSTANTÂNEA
PUDIM FLAN 4x56g,MERCEARIA/SOBREMESA INSTANTÂNEA
PUDIM DE BAUNILHA 90g,MERCEARIA/SOBREMESA INSTANTÂNEA
PUDIM DE CHOCOLATE 110g,MERCEARIA/SOBREMESA INSTANTÂNEA
CARAMELO LÍQUIDO 400g,MERCEARIA/PARA DOÇARIA
FERMENTO EM PÓ 150g,MERCEARIA/PARA DOÇARIA
ADOÇANTE À BASE DE ASPARTAME 300 Unid.,MERCEARIA/EDULCORANTES
EDULCORANTE EM PÓ 90g,MERCEARIA/EDULCORANTES
CAFÉ EXPRESSO DESCOBRIMENTOS 16x8g 90g,MERCEARIA/BEBIDAS QUENTES
CAFÉ EXPRESSO RISTRETTO 16x8g,MERCEARIA/BEBIDAS QUENTES
CAFÉ EXPRESSO CHIADO 16x8g,MERCEARIA/BEBIDAS QUENTES
CAFÉ EXPRESSO INVICTA 16x8g,MERCEARIA/BEBIDAS QUENTES
CAFÉ EXPRESSO AROMÁTICO 16x8g,MERCEARIA/BEBIDAS QUENTES
CAFÉ EXPRESSO CORPOSO 16x8g,MERCEARIA/BEBIDAS QUENTES
CAFÉ EXPRESSO DESCAFEINADO 16x8g,MERCEARIA/BEBIDAS QUENTES
CAFÉ KAAPI ROYALE 16x8g,MERCEARIA/BEBIDAS QUENTES
CÁPSULAS GALÃO 10x90g,MERCEARIA/BEBIDAS QUENTES
CAPPUCCINO 5 Bebidas,MERCEARIA/BEBIDAS QUENTES
CACAULATTE 5 Bebidas,MERCEARIA/BEBIDAS QUENTES
CAFÉ EXPRESSO CANELA 10x8g,MERCEARIA/BEBIDAS QUENTES
CAFÉ EXPRESSO COMÉRCIO JUSTO 10x8g,MERCEARIA/BEBIDAS QUENTES
CAFÉ EXPRESSO AVELUDADO 10x8g,MERCEARIA/BEBIDAS QUENTES
CAFÉ EXPRESSO BRASIL 10x8g,MERCEARIA/BEBIDAS QUENTES
CÁPSULAS DE CAFÉ EXPRESSO UGANDA 10x8gs,MERCEARIA/BEBIDAS QUENTES
CÁPSULAS DE CAFÉ EXPRESSO VIETNAM 10x8g,MERCEARIA/BEBIDAS QUENTES
CAPPUCCINO 10x13g,MERCEARIA/BEBIDAS QUENTES
CÁPSULAS GALÃO 10x90g,MERCEARIA/BEBIDAS QUENTES
MISTURA DE CHICORIA 200g,MERCEARIA/BEBIDAS QUENTES
CHOCOLATE DE LEITE 100g,MERCEARIA/DOCES
CHOCOLATE DE LEITE COM AMÊNDOAS 100g,MERCEARIA/DOCES
CHOCOLATE DE LEITE COM CEREAIS 100g,MERCEARIA/DOCES
CHOCOLATE PRETO 100g,MERCEARIA/DOCES
CHOCOLATE PRETO COM AVELÃS INTEIRAS 100g,MERCEARIA/DOCES
CHOCOLATE RUBY C/FRAMBOESA 100g,MERCEARIA/DOCES
CHOCOLATE PRETO 72% 200g,MERCEARIA/DOCES
CHOCOLATE DE LEITE COM AMÊNDOAS CARAMELIZADAS 200g,MERCEARIA/DOCES
CHOCOLATE DE LEITE COM AMÊNDOAS INTEIRAS 200g,MERCEARIA/DOCES
CHOCOLATE DE LEITE COM AVELÃS E PASSAS 200g,MERCEARIA/DOCES
CHOCOLATE DE LEITE COM AVELÃS INTEIRAS 200g,MERCEARIA/DOCES
CARAMELOS FRUTA 250g,MERCEARIA/DOCES
CARAMELOS NATA 250g,MERCEARIA/DOCES
SORTIDO DE CHUPAS 150g,MERCEARIA/DOCES
PINGOS DE NEVE 250g,MERCEARIA/DOCES
REBUÇADOS DE FRUTA 250g,MERCEARIA/DOCES
DROPS RECHEIO FRUTAS 250g,MERCEARIA/DOCES
REBUÇADOS DE MENTOL 250g,MERCEARIA/DOCES
REBUÇADOS PARA TOSSE 200g,MERCEARIA/DOCES
SORTIDO DE GOMAS SEM AÇUCAR 200g,MERCEARIA/DOCES
GOMAS MULTI AÇÚCAR 300g,MERCEARIA/DOCES
GOMAS SORTIDAS ÁCIDAS 300g,MERCEARIA/DOCES
GOMAS SORTIDO FRUTA BRILHO 300g,MERCEARIA/DOCES
MARSHMALLOWS 200g,MERCEARIA/DOCES
GOMAS PARTY MIX 10x40g,MERCEARIA/DOCES
GOMAS MULTI AÇÚCAR 300g,MERCEARIA/DOCES
PASTILHAS RECHEADAS SPEARMINT 22g,MERCEARIA/DOCES
PASTILHAS RECHEADAS MELÃO E AMORA 22g,MERCEARIA/DOCES
PASTILHAS RECHEADAS MORANGO E LIMA 22g,MERCEARIA/DOCES
PASTILHAS MELANCIA 24,MERCEARIA/DOCES
PASTILHAS SPEARMINT 24,MERCEARIA/DOCES
PASTILHAS ELÁSTICAS SEM AÇÚCAR MORANGO 26,MERCEARIA/DOCES
PASTILHAS ELÁSTICAS SEM AÇÚCAR PEPPERMINT 26,MERCEARIA/DOCES
PASTILHAS ELÁSTICAS SEM AÇÚCAR SPEARMINT 26,MERCEARIA/DOCES
PASTILHAS ELÁSTICAS SEM AÇÚCAR MORANGO 4x26,MERCEARIA/DOCES
BOLSA DE FRUTA & CENOURA 120g,MERCEARIA/ALIMENTOS INFANTIS
BOLSA DE FRUTOS VERMELHOS 120g,MERCEARIA/ALIMENTOS INFANTIS
BOLSA 100% FRUTA & CHIA 120g,MERCEARIA/ALIMENTOS INFANTIS
BOLSA DE FRUTA MAÇÃ E BANANA 90g,MERCEARIA/ALIMENTOS INFANTIS
BOLSA DE FRUTA MORANGO E BANANA 90g,MERCEARIA/ALIMENTOS INFANTIS
BOLSA DE FRUTA MAÇÃ BANANA E LARANJA 90g,MERCEARIA/ALIMENTOS INFANTIS
BOLSA DE FRUTA PÊSSEGO E MANGA 90g,MERCEARIA/ALIMENTOS INFANTIS
BOLSA DE FRUTA MORANGO E PÊSSEGO 90g,MERCEARIA/ALIMENTOS INFANTIS
BOLSA DE FRUTA MULTIFRUTOS 90g,MERCEARIA/ALIMENTOS INFANTIS
BOLSA DE FRUTA PÊRA E MAÇÃ 90g,MERCEARIA/ALIMENTOS INFANTIS
BOLSA DE MAÇÃ 90g,MERCEARIA/ALIMENTOS INFANTIS
BOLSA DE PÊRA 90g,MERCEARIA/ALIMENTOS INFANTIS
BOLSA DE BANANA COM IOGURTE 90g,MERCEARIA/ALIMENTOS INFANTIS
BOLSA DE FRUTA MORANGO E BANANA COM IOGURTE 90g,MERCEARIA/ALIMENTOS INFANTIS
BOLSA DE MANGA COM IOGURTE 90g,MERCEARIA/ALIMENTOS INFANTIS
BOLSA DE MULTIFRUTOS C/CEREAIS 90g,MERCEARIA/ALIMENTOS INFANTIS
BOLSA DE LEGUMES MAÇÃ BATATA DOCE E CENOURA 90g,MERCEARIA/ALIMENTOS INFANTIS
BOLSA DE LEGUMES MAÇÃ MANGA E CENOURA 90g,MERCEARIA/ALIMENTOS INFANTIS
FARINHA LÁCTEA DE PÊRA 250g,MERCEARIA/ALIMENTOS INFANTIS
IOGURTE AROMA A COCO ,lácteos/Iogurtes
IOGURTE AROMA A MORANGO ,lácteos/Iogurtes
IOGURTE AROMA A BANANA ,lácteos/Iogurtes
IOGURTE AROMA A TUTI FRUTI ,lácteos/Iogurtes
IOGURTE NATURAL,lácteos/Iogurtes
IOGURTE PEDAÇOS ANANÁS,lácteos/Iogurtes
IOGURTE PEDAÇOS MORANGO ,lácteos/Iogurtes
IOGURTE PEDAÇOS PÊSSEGO,lácteos/Iogurtes
IOGURTE PEDAÇOS FRUTOS SILVESTRES,lácteos/Iogurtes
IOGURTE CREMOSO BISCUIT ,lácteos/Iogurtes
IOGURTE CREMOSO NATURAL AÇUCARADO ,lácteos/Iogurtes
IOGURTE CREMOSO BAUNILHA,lácteos/Iogurtes
IOGURTE CREMOSO LIMÃO ,lácteos/Iogurtes
IOGURTE CREMOSO MORANGO&NOZES ,lácteos/Iogurtes
IOGURTE MAGRO AROMA MORANGO,lácteos/Iogurtes
IOGURTE MAGRO AROMA PÊSSEGO,lácteos/Iogurtes
IOGURTE MAGRO NATURAL,lácteos/Iogurtes
IOGURTE MAGRO PEDAÇOS ANANÁS,lácteos/Iogurtes
IOGURTE MAGRO PEDAÇOS MORANGO,lácteos/Iogurtes
IOGURTE PEDAÇOS MAGRO MARACUJÁ,lácteos/Iogurtes
IOGURTE PEDAÇOS MAGRO MIRTILOS,lácteos/Iogurtes
IOGURTE BIFIDUS NATURAL,lácteos/Iogurtes
IGURTE BATIDO NATURAL AÇUCARADO,lácteos/Iogurtes
IOGURTE BATIDO PEDAÇOS DE AMORA,lácteos/Iogurtes
IOGURTE BATIDO COM PEDAÇOS DE CEREJA,lácteos/Iogurtes
IOGURTE BATIDO PEDAÇOS MAÇÃ E CANELA,lácteos/Iogurtes
IOGURTE BATIDO COM PEDAÇOS DE MANGA,lácteos/Iogurtes
IOGURTE BATIDO COM PEDAÇOS DE FRAMBOESA,lácteos/Iogurtes
IOGURTE MAGRO FRUTA BATIDA LIMÃO E GENGIBRE,lácteos/Iogurtes
IOGURTE MAGRO FRUTA BATIDA MORANGO E MENTA,lácteos/Iogurtes
IOGURTE GREGO NATURAL AÇUCARADO,lácteos/Iogurtes
IOGURTE GREGO CARAMELO SALGADO,lácteos/Iogurtes
IOGURTE GREGO MORANGO,lácteos/Iogurtes
IOGURTE GREGO PEDAÇOS MORANGO,lácteos/Iogurtes
IOGURTE GREGO NATURAL,lácteos/Iogurtes
IOGURTE GREGO BANANA E STRACCIATELLA,lácteos/Iogurtes
IOGURTE GREGO LIMA LIMÃO,lácteos/Iogurtes
IOGURTE GREGO 0% FRUTOS VERMELHOS,lácteos/Iogurtes
IOGURTE GREGO 0% LIMA LIMÃO,lácteos/Iogurtes
IOGURTE GREGO 0% MARACUJÁ,lácteos/Iogurtes
IOGURTE GREGO 0% NATURAL,lácteos/Iogurtes
PETIT IOGURTE TANGERINA CENOURA E MEL,lácteos/Iogurtes
PETIT LÍQUIDO MORANGO E BANANA,lácteos/Iogurtes
PETIT LÍQUIDO MORANGO,lácteos/Iogurtes
PETIT SUISSE MORANGO FRAMBOESA E ALPERCE,lácteos/Iogurtes
PETIT SUISSE MORANGO,lácteos/Iogurtes
LEITE ACHOCOLATADO,lácteos/leite
IOGURTE LÍQUIDO MORANGO,lácteos/Iogurtes
IOGURTE LÍQUIDO NATURAL AÇUCARADO,lácteos/Iogurtes
IOGURTE LÍQUIDO BAUNILHA,lácteos/Iogurtes
IOGURTE LÍQUIDO FRUTOS VERMELHOS,lácteos/Iogurtes
IOGURTE LÍQUIDO LEMON CURD,lácteos/Iogurtes
IOGURTE LÍQUIDO MORANGO,lácteos/Iogurtes
IOGURTE LÍQUIDO MORANGO E BANANA,lácteos/Iogurtes
IOGURTE LÍQUIDO PÊSSEGO E CENOURA,lácteos/Iogurtes
IOGURTE LÍQUIDO STRACCIATELLA,lácteos/Iogurtes
IOGURTE LÍQUIDO STRACCIATELLA E COCO,lácteos/Iogurtes
IOGURTE LÍQUIDO STRACCIATELLA E MENTA,lácteos/Iogurtes
IOGURTE LÍQUIDO MAGRO FRUTOS VERMELHOS,lácteos/Iogurtes
IOGURTE LÍQUIDO MAGRO MELANCIA,lácteos/Iogurtes
IOGURTE LÍQUIDO MAGRO MORANGO,lácteos/Iogurtes
IOGURTE LÍQUIDO MAGRO PÊSSEGO,lácteos/Iogurtes
IOGURTE LÍQUIDO MAGRO AROMA TROPICAL,lácteos/Iogurtes
IOGURTE LÍQUIDO MAGRO AROMA LIMÃO E LARANJA,lácteos/Iogurtes
IOGURTE LÍQUIDO MAGRO AROMA MELÃO E MELOA,lácteos/Iogurtes
IOGURTE LÍQUIDO MAGRO AROMA MORANGO,lácteos/Iogurtes
IOGURTE LÍQUIDO BIFIDUS KIWI,lácteos/Iogurtes
IOGURTE LÍQUIDO BIFIDUS MORANGO,lácteos/Iogurtes
ACTIPLUS MORANGO,lácteos/Iogurtes
ACTIPLUS NATURAL AÇUCARADO,lácteos/Iogurtes
ACTIPLUS NATURAL MAGRO,lácteos/Iogurtes
ACTIPLUS MAGRO DE MANGA,lácteos/Iogurtes
IOGURTE SKYR MARACUJÁ,lácteos/Iogurtes
IOGURTE SKYR MORANGO E FRAMBOESA,lácteos/Iogurtes
IOGURTE SKYR NATURAL,lácteos/Iogurtes
IOGURTE SKYR KIWI E SPIRULINA,lácteos/Iogurtes
IOGURTE NATURAL INTEIRO PROBIÓTICO LÍQUIDO,lácteos/Iogurtes
IOGURTE NATURAL INTEIRO PROBIÓTICO SÓLIDO,lácteos/Iogurtes
QUEIJO FLAMENGO BOLA QUARTOS,lácteos/Queijos
QUEIJO FLAMENGO BOLA METADES,lácteos/Queijos
QUEIJO FLAMENGO BOLA,lácteos/Queijos
QUEIJO MISTURA REGIONAL,lácteos/Queijos
QUEIJO CABRA CURADO,lácteos/Queijos
QUEIJO DE CABRA CURADO BEIRA ALTA,lácteos/Queijos
QUEIJOS ÉVORA DOP,lácteos/Queijos
QUEIJO OVELHA CURADO BARRADO SECO,lácteos/Queijos
QUEIJO CURADO LIGHT,lácteos/Queijos
QUEIJO CURADO MEIO GORDO,lácteos/Queijos
QUEIJO OVELHA AMANTEIGADO SERRA DA ARRÁBIDA,lácteos/Queijos
QUEIJO OVELHA AMANTEIGADO GRANDE SEIA,lácteos/Queijos
QUEIJO OVELHA AMANTEIGADO PEQUENO,lácteos/Queijos
QUEIJO OVELHA ALTO ALENTEJO,lácteos/Queijos
QUEIJO CABRA SERRA DA GARDUNHA,lácteos/Queijos
QUEIJO CURADO MISTURA,lácteos/Queijos
QUEIJO CURADO DE VACA BARRADO COM PIMENTÃO,lácteos/Queijos
QUEIJO PRATO AMANTEIGADO,lácteos/Queijos
QUEIJO SERPA DOP,lácteos/Queijos
QUEIJO NISA DOP,lácteos/Queijos
QUEIJO DA BEIRA BAIXA DOP AMARELO,lácteos/Queijos
QUEIJO DA BEIRA BAIXA DOP PICANTE,lácteos/Queijos
QUEIJO SERRA DA ESTRELA DOP,lácteos/Queijos
QUEIJO DA ILHA DE SÃO JORGE,lácteos/Queijos
QUEIJO DA ILHA RALADO,lácteos/Queijos
QUEIJO MANCHEGO DOP,lácteos/Queijos
QUEIJO BRIE,lácteos/Queijos
QUEIJO CAMEMBERT,lácteos/Queijos
QUEIJO CHEVRE,lácteos/Queijos
QUEIJO FETA,lácteos/Queijos
QUEIJO GRANA PADANO CUNHA,lácteos/Queijos
QUEIJO MASCARPONE,lácteos/Queijos
QUEIJO FLAMENGO FATIADO,lácteos/Queijos
QUEIJO FLAMENGO FATIADO,lácteos/Queijos
QUEIJO FLAMENGO FATIAS REDONDAS,lácteos/Queijos
QUEIJO CHEDDAR FATIADO,lácteos/Queijos
QUEIJO EDAM FATIADO,lácteos/Queijos
QUEIJO EDAM LIGHT FATIAS,lácteos/Queijos
QUEIJO GOUDA FATIADO,lácteos/Queijos
QUEIJO MOZZARELLA FATIADO,lácteos/Queijos
QUEIJO CABRA FATIADO,lácteos/Queijos
QUEIJO RALADO MOZZARELLA,lácteos/Queijos
QUEIJO FLAMENGO RALADO,lácteos/Queijos
QUEIJO EMMENTAL RALADO,lácteos/Queijos
QUEIJO EMMENTAL PORÇÕES,lácteos/Queijos
PALITOS QUEIJO MOZZARELLA,lácteos/Queijos
QUEIJO FUNDIDO,lácteos/Queijos
QUEIJO FUNDIDO FATIAS,lácteos/Queijos
TRIÂNGULOS DE QUEIJO FUNDIDO LIGHT,lácteos/Queijos
QUEIJO FRESCO BARRAR LIGHT,lácteos/Queijos
QUEIJO FRESCO COM ERVAS PARA BARRAR,lácteos/Queijos
QUEIJO FRESCO PARA BARRAR,lácteos/Queijos
MANTEIGA COM SAL,lácteos/Manteigas
MANTEIGA MAGRA,lácteos/Manteigas
MANTEIGA SEM LACTOSE,lácteos/Manteigas
CREME VEGETAL PARA CULINÁRIA,lácteos/Manteigas
CREME VEGETAL SABOR MANTEIGA,lácteos/Manteigas
CREME VEGETAL PARA BARRAR,lácteos/Manteigas
CREME VEGETAL PARA BARRAR,lácteos/Manteigas
CHANTILLY,lácteos/Natas
NATAS UHT CULINÁRIA LIGHT,lácteos/Natas
NATAS UHT PARA BATER,lácteos/Natas
GELATINA DE ANANÁS,frescos/Sobremesas
GELATINA DE MORANGO,frescos/Sobremesas
GELATINA DE TANGERINA,frescos/Sobremesas
GELATINA 10 KCAL CHÁ PRETO,frescos/Sobremesas
GELATINA 10 KCAL ROMÃ E FRAMBOESA,frescos/Sobremesas
GELATINA LIGHT LIMÃO,frescos/Sobremesas
GELATINA LIGHT MORANGO,frescos/Sobremesas
GELATINA LIGHT MOJITO,frescos/Sobremesas
MOUSSE DE CHOCOLATE,frescos/Sobremesas
PUDIM DE BAUNILHA COM MOLHO DE CARAMELO,frescos/Sobremesas
PUDIM FLAN,frescos/Sobremesas
TOUCHINHO DO CÉU,frescos/Sobremesas
DELÍCIAS DO MAR,congelados
PREPARADO DE MARISCO,congelados
COCKTAIL DE MARISCO,congelados
BATATAS PALITOS,congelados
BATATAS PALITOS,congelados
BATATAS PALITOS FINOS,congelados
BATATA DOCE PALITOS FORNO,congelados
BATATA CUBOS,congelados
BATATAS NOISETTES,congelados
BATATAS RODELAS,congelados
LEGUMES SALTEADOS COM QUINOA,congelados
VEGGIE RICE,congelados
HAMBÚRGUER DE FEIJÃO E MILLET VEGGIE STYLE PLANT BASED 0% CARNE,congelados
ALMÔNDEGAS DE ERVILHA VEGGIE STYLE 0% CARNE,congelados
ESPARREGADO DE ESPINAFRES SEM LACTOSE,congelados
GELADO NATA FRESCAS,congelados/Gelados
GELADO MOMENTOS DELICIOSOS DUO CHOCOLATE,congelados/Gelados
GELADO MOMENTOS DELICIOSOS DE STRACIATELLA,congelados/Gelados
GELADO DE CARAMELO,congelados/Gelados
GELADO DE NOZ COM PEDAÇOS DE NOZ CARAMELIZADA,congelados/Gelados
SORBET DE LIMÃO,congelados/Gelados
SORBET DE TANGERINA,congelados/Gelados
GELADO MAJESTICS CLASSIC,congelados/Gelados
GELADO MAJESTIC COOKIES,congelados/Gelados
GELADOS MAJESTICS C/AMÊNDOAS,congelados/Gelados
GELADO MAJESTIC LIMÃO,congelados/Gelados
GELADO MAJESTIC RUBY,congelados/Gelados
GELADOS MINI MAJESTICS,congelados/Gelados
GELADO MINI MAJESTIC AMÊNDOAS,congelados/Gelados
GELADOS MINI MAJESTIC DOUBLE MIX,congelados/Gelados
GELADO TUBITO LIMÃO & MORANGO,congelados/Gelados
GELADO MINI MOMENTS,congelados/Gelados
CHOURIÇO CARNE PONTE DE LIMA,Charcutaria/Enchidos
SALPICÃO DE LOMBO PONTE DE LIMA,Charcutaria/Enchidos
CHOURIÇO REGIONAL BEIRA ALTA SEIA,Charcutaria/Enchidos
PAIO DO LOMBO SEIA BEIRA ALTA,Charcutaria/Enchidos
PAIO DO LOMBO SEIA BEIRA ALTA,Charcutaria/Enchidos
MOIRAS DA BEIRA ALTA LAMEGO,Charcutaria/Enchidos
SALPICÃO LAMEGO,Charcutaria/Enchidos
SALPICÃO BEIRA LITORAL ARGANIL,Charcutaria/Enchidos
CHOURIÇO BEIRA LITORAL ARGANIL,Charcutaria/Enchidos
CHOURIÇO PRETO BEIRA LITORAL QUIAIOS,Charcutaria/Enchidos
CHOURIÇO DA BEIRA LITORAL QUIAIOS,Charcutaria/Enchidos
CHOURIÇO REGIONAL BEIRA BAIXA FUNDÃO,Charcutaria/Enchidos
CHOURIÇO MOURO BEIRA BAIXA FUNDÃO,Charcutaria/Enchidos
PAIO DE LOMBO DA BEIRA BAIXA FUNDÃO,Charcutaria/Enchidos
PAINHO DE PORTO PRETO,Charcutaria/Enchidos
CHOURIÇO PORCO PRETO,Charcutaria/Enchidos
CHOURIÇÃO,Charcutaria/Enchidos
FIAMBRE DA PERNA DE PERU FATIADO,Charcutaria/Fatiados
FIAMBRE DE PERU FATIAS,Charcutaria/Fatiados
FIAMBRE PERU FATIAS FINAS,Charcutaria/Fatiados
SALPICÃO DE PERÚ E ALHO FATIAS,Charcutaria/Fatiados
FIAMBRE FRANGO FATIAS FINAS,Charcutaria/Fatiados
FIAMBRE FRANGO FATIAS,Charcutaria/Fatiados
PEITO DE PERU COM ERVAS FINÍSSIMAS FATIADO,Charcutaria/Fatiados
PEITO DE PERU FUMADO FATIADO,Charcutaria/Fatiados
PEITO DE PERU FATIAS FINAS,Charcutaria/Fatiados
FIAMBRE DA PÁ FATIADO,Charcutaria/Fatiados
PEITO DE PERU FATIADO,Charcutaria/Fatiados
CHOURIÇÃO EXTRA FATIAS,Charcutaria/Fatiados
SALAME FATIAS,Charcutaria/Fatiados
PAIO DO LOMBO FATIADO,Charcutaria/Fatiados
PAIO YORK DA PÁ FATIADO,Charcutaria/Fatiados
MORTADELA COM AZEITONAS FATIADA,Charcutaria/Fatiados
MORTADELA SIMPLES FATIADA,Charcutaria/Fatiados
BACON TIRAS,Charcutaria/fumados
PRESUNTO BEIRA BAIXA 9 MESES DE CURA OITAVOS,Charcutaria/fumados
PRESUNTO 5 MESES DE CURA FATIAS FINAS,Charcutaria/fumados
PRESUNTO BEIRA BAIXA 9 MESES FATIADO,Charcutaria/fumados
PRESUNTO SERRANO 9 MESES DE CURA FATIAS,Charcutaria/fumados
PRESUNTO SERRANO 9 MESES DE CURA FATIADO,Charcutaria/fumados
PRESUNTO 5 MESES DE CURA FATIAS,Charcutaria/fumados
HUMMUS,Charcutaria/Pronto a comer
GUACAMOLE,Charcutaria/Pronto a comer
PIZZA FRESCA QUEIJO E FIAMBRE SEM LACTOSE,Charcutaria/Pronto a comer
FUET EXTRA,Charcutaria/Outros
SALSICHA CHURRASCO PICANTE,Charcutaria/Outros
SALSICHA CHURRASCO,Charcutaria/Outros
SALMÃO FUMADO NORUEGA,Charcutaria/Outros
SALMÃO FUMADO NORUEGA,Charcutaria/Outros
MAIONESE 207g,Mercearia/Molhos
MAIONESE 414g,Mercearia/Molhos
MAIONESE TOP DOWN,Mercearia/Molhos
MAIONESE LIGHT,Mercearia/Molhos
MAIONESE COM MANJERICÃO,Mercearia/Molhos
MAIONESE COM BAIXO TEOR DE SAL,Mercearia/Molhos
MOSTARDA TOP DOWN,Mercearia/Molhos
MOSTARDA DIJON,Mercearia/Molhos
MOLHO DE ALHO,Mercearia/Molhos
MOLHO DE COCKTAIL,Mercearia/Molhos
MOLHO IOGURTE,Mercearia/Molhos
MOLHO VINAGRETE,Mercearia/Molhos
MOLHO VINAGRETE C/ VINAGRE BALSÂMICO DE MODENA E MEL,Mercearia/Molhos
MOLHO VINAGRETE C/ MOSTARDA ANCIENNE,Mercearia/Molhos
MOLHO PIRI-PIRI,Mercearia/Molhos
MOLHO PIRI-PIRI EXTRA FORTE,Mercearia/Molhos
ESPUMA COM ALHO NEGRO,Mercearia/Molhos
KETCHUP TOP DOWN,Mercearia/Molhos
MOLHO PARA BOLONHESA,Mercearia/Molhos
MOLHO PESTO,Mercearia/Molhos
MOLHO PESTO,Mercearia/Molhos
MOLHO PESTO ALLA CALABRESE,Mercearia/Molhos
TEMPERO DE FRANGO,Mercearia/Molhos
VINHA D’ALHO,Mercearia/Molhos
MASSA DE ALHO,Mercearia/Molhos
MASSA DE PIMENTÃO,Mercearia/Molhos
POLPA TOMATE/MANJERICÃO/OREGÃOS,Mercearia/Tomate conservado
TOMATE PEDAÇOS COM OREGÃOS E MANJERICÃO,Mercearia/Tomate conservado
POLPA DE TOMATE,Mercearia/Tomate conservado
BEBIDA DE AMÊNDOA,Alimentação equilibrada/Bebidas vegetais
BEBIDA DE COCO,Alimentação equilibrada/Bebidas vegetais
BEBIDA DE ARROZ,Alimentação equilibrada/Bebidas vegetais
BEBIDA DE AVELÃ,Alimentação equilibrada/Bebidas vegetais
BEBIDA DE SOJA CACAU 1LT,Alimentação equilibrada/Bebidas vegetais
BEBIDA DE SOJA CACAU 200ML,Alimentação equilibrada/Bebidas vegetais
BEBIDA DE SOJA LIGHT,Alimentação equilibrada/Bebidas vegetais
BEBIDA DE SOJA ORIGINAL 1LT,Alimentação equilibrada/Bebidas vegetais
BEBIDA DE SOJA ORIGINAL 200ML,Alimentação equilibrada/Bebidas vegetais
BEBIDA DE SOJA 0% AÇUCAR,Alimentação equilibrada/Bebidas vegetais
BEBIDA DE SOJA BAUNILHA,Alimentação equilibrada/Bebidas vegetais
BEBIDA DE ARROZ E NOZ,Alimentação equilibrada/Bebidas vegetais
NATAS SEM LACTOSE,Alimentação equilibrada/Natas
CREME DE SOJA CULINÁRIA,Alimentação equilibrada/Natas
QUEIJO FRESCO P/BARRAR S/LACTOSE,Alimentação equilibrada/Sem lactose
QUEIJO CURADO SEM LACTOSE,Alimentação equilibrada/Sem lactose
QUEIJO FLAMENGO SEM LACTOSE,Alimentação equilibrada/Sem lactose
IOGURTE PEDAÇOS ANANÁS SEM LACTOSE,Alimentação equilibrada/Sem lactose
IOGURTE PEDAÇOS CEREAIS SEM LACTOSE,Alimentação equilibrada/Sem lactose
IOGURTE MORANGO SEM LACTOSE,Alimentação equilibrada/Sem lactose
IOGURTE MAGRO MORANGO SEM LACTOSE,Alimentação equilibrada/Sem lactose
IOGURTE LÍQUIDO MAGRO SEM LACTOSE MAÇÃ,Alimentação equilibrada/Sem lactose
IOGURTE LÍQUIDO SEM LACTOSE PURA VIDA MORANGO,Alimentação equilibrada/Sem lactose
IOGURTE LÍQUIDO SEM LACTOSE NATURAL AÇÚCARADO,Alimentação equilibrada/Sem lactose
IOGURTE LÍQUIDO MAGRO SEM LACTOSE NATURAL TRIPLO 0%,Alimentação equilibrada/Sem lactose
IOGURTE LÍQUIDO MAGRO SEM LACTOSE NATURAL TRIPLO 0%,Alimentação equilibrada/Sem lactose
IOGURTE GREGO SEM LACTOSE NATURAL,Alimentação equilibrada/Sem lactose
IOGURTE GREGO SEM LACTOSE STRACCIATELLA,Alimentação equilibrada/Sem lactose
IOGURTE LÍQUIDO PROTEÍNA MANGA,Alimentação equilibrada/Proteína
IOGURTE LÍQUIDO PROTEÍNA MORANGO,Alimentação equilibrada/Proteína
IOGURTE REDUZ COLESTEROL MORANGO,Alimentação equilibrada/Iogurtes
IOGURTE REDUZ COLESTEROL NATURAL,Alimentação equilibrada/Iogurtes
IOGURTE SÓLIDO À BASE DE SOJA FRUTOS VERMELHOS,Alimentação equilibrada/Iogurtes de soja
IOGURTE SÓLIDO À BASE DE SOJA FRUTOS CÍTRICOS,Alimentação equilibrada/Iogurtes de soja
IOGURTE SÓLIDO À BASE DE SOJA AVELÃ,Alimentação equilibrada/Iogurtes de soja
IOGURTE LÍQUIDO À BASE DE SOJA FRUTOS EXÓTICOS,Alimentação equilibrada/Iogurtes de soja
IOGURTE LÍQUIDO À BASE DE PÊSSEGO E ALPERCE,Alimentação equilibrada/Iogurtes de soja
COOKIES S/ GLÚTEN C/ PEPITAS DE CHOCOLATE,Mercearia/Padaria&Bolos
BOLACHA MARIA SEM GLÚTEN,Mercearia/Padaria&Bolos
MADALENAS SEM GLÚTEN CHOCOLATE,Mercearia/Padaria&Bolos
MADALENAS SEM GLÚTEN CLÁSSICAS,Mercearia/Padaria&Bolos
PÃO DE FORMA SEM GLÚTEN C/ SEMENTES,Mercearia/Padaria&Bolos
PÃO DE FORMA SEM GLÚTEN CLÁSSICO,Mercearia/Padaria&Bolos
LEVEDURA DE CERVEJA INTEGRAL,Mercearia/outros
MINI TORTITAS DE MILHO COM SAL,Alimentação equilibrada/Tortitas
MINI TORTITAS DE MILHO E ARROZ RECEITA MEDITERRÂNICA,Alimentação equilibrada/Tortitas
TORTITAS ARROZ COM SAL,Alimentação equilibrada/Tortitas
TORTITAS ARROZ SEM SAL,Alimentação equilibrada/Tortitas
TORTITAS MILHO,Alimentação equilibrada/Tortitas
TORTITAS MILHO COM CHOCOLATE NEGRO,Alimentação equilibrada/Tortitas
TORTITAS DE ARROZ COM CHOCOLATE BRANCO,Alimentação equilibrada/Tortitas
TORTITAS DE ARROZ COM CHOCOLATE PRETO,Alimentação equilibrada/Tortitas
CHIPS DE ARROZ INTEGRAL COM CHIA E QUINOA,Alimentação equilibrada/Tortitas
MASSA ESPARGUETE,Mercearia/Massas
MASSA FUSILLI,Mercearia/Massas
PATÉ VEGETAL DE COGUMELOS,Alimentação equilibrada/Pronto a comer
PATÉ VEGETAL PIMENT VERDE,Alimentação equilibrada/Pronto a comer
HAMBÚRGUER DE SOJA,Alimentação equilibrada/Pronto a comer
PASTÉIS DE NATA,congelados/Sobremesas
CREPES C/ RECHEIO DE CHOCOLATE,congelados/Sobremesas
GELADOS MINI MAJESTIC DE CHOCOLATE E AMÊNDOAS SEM LACTOSE,Alimentação equilibrada/Gelados
GELADO SEM AÇÚCAR BAUNILHA,Alimentação equilibrada/Gelados
GELADO SEM AÇÚCAR CHOCOLATE,Alimentação equilibrada/Gelados
GELADO SEM AÇÚCAR MORANGO,Alimentação equilibrada/Gelados
GELADO SEM LACTOSE SABOR A CHOCOLATE,Alimentação equilibrada/Gelados
GELADO SEM LACTOSE SABOR A MORANGO,Alimentação equilibrada/Gelados
GELADO SEM LACTOSE BAUNILHA,Alimentação equilibrada/Gelados
GELADO HIGH PROTEIN LOW CAB CARAMELO SALGADO,Alimentação equilibrada/Gelados
GELADO HIGH PROTEIN LOW CARB DE CHOCOLATE,Alimentação equilibrada/Gelados
SOBREMESA DE ORIGEM VEGETAL ANANÁS,Alimentação equilibrada/Sobremesas
SOBREMESA DE ORIGEM VEGETAL FRUTOS VERMELHOS,Alimentação equilibrada/Sobremesas
SOBREMESA DE ORIGEM VEGETAL MORANGO,Alimentação equilibrada/Sobremesas
BOLSA DE FRUTA MAÇÃ E BANANA,Go Bio
BOLSA DE FRUTA MAÇÃ E PÊRA,Go Bio
BOLSA DE FRUTA MULTIFRUTOS,Go Bio
TORTITAS DE ARROZ BIOLÓGICO S/ SAL,Go Bio
TORTITAS DE MILHO BIOLÓGICO S/ SAL,Go Bio
BEBIDA À BASE DE ARROZ E AMÊNDOA,Go Bio
BEBIDA À BASE DE ARROZ,Go Bio
BEBIDA À BASE DE AVEIA,Go Bio
BEBIDA À BASE DE SOJA,Go Bio
AVEIA PROTEICA GO ACTIVE,Go Active
CLARA DE OVO GO ACTIVE,Go Active
AVEIA INSTANTÂNEA GO ACTIVE,Go Active
RAW BAR AMENDOIM BANANA GO ACTIVE,Go Active
RAW BAR AMENDOIM E CACAU GO ACTIVE,Go Active
BARRA PROTEICA PISTACHIO CROCANTE GO ACTIVE,Go Active
BARRA PROTEICA COCO E AMÊNDOA GO ACTIVE,Go Active
MANTEIGA AMENDOIM CREMOSA GO ACTIVE,Go Active
BURRATA FRESCA IGUARIAS,Iguarias
QUEIJO PARMIGIANO REGGIANO DOP IGUARIAS,Iguarias
QUEIJO SERRA DA ESTRELA VELHO DOP IGUARIAS,Iguarias
QUEIJO DE OVELHA COM TRUFA NEGRA IGUARIAS,Iguarias
PAIO DO LOMBO PORCO PRETO ALENTEJANO IGUARIAS,Iguarias
SORTIDO DE PORCO PRETO IGUARIAS,Iguarias
COPITA DE PORCO PRETO ALENTEJANO IGUARIAS,Iguarias
PRESUNTO PORCO PRETO ALENTEJANO IGUARIAS,Iguarias
PRESUNTO SERRANO GRAN RESERVA IGUARIAS,Iguarias
MAIONESE COM TRUFA IGUARIAS,Iguarias
SORBET DE MANGA PINGO IGUARIAS DOCE,Iguarias
DOCE DE ABÓBORA COM NOZ IGUARIAS,Iguarias
DOCE DE MAÇÃ COM CANELA IGUARIAS,Iguarias
DOCE DE ABÓBORA GILA C/ AMÊNDOA,Iguarias
MEL PORTUGUÊS PINGO DOCE,Iguarias
AMÊNDOAS COBERTAS DE CHOCOLATE DE LEITE E CACAU EM PÓ IGUARIAS,Iguarias
CHOCOLATE BRANCO C/MORANGOS,Iguarias
CHOCOLATE DE LEITE C/GENGIBRE E CANELA,Iguarias
AMÊNDOAS COBERTAS DE CHOCOLATE BRANCO E COCO RALADO IGUARIAS,Iguarias
